{"cameraMode":{"drawMode":0,"name":"Shaded","section":"Shading Mode"},"sceneLighting":false,"audioPlay":false,"sceneViewState":{"m_AlwaysRefresh":false,"showFog":true,"showSkybox":false,"showFlares":true,"showImageEffects":true,"showParticleSystems":true,"showVisualEffectGraphs":true,"m_FxEnabled":true},"in2DMode":false,"pivot":{"x":0.03943765163421631,"y":-0.23129713535308839,"z":0.24891400337219239},"rotation":{"x":-0.10668531805276871,"y":-0.8762575387954712,"z":0.22731533646583558,"w":-0.41134753823280337},"size":2.452103614807129,"orthographic":false}