{"cameraMode":{"drawMode":0,"name":"Shaded","section":"Shading Mode"},"sceneLighting":false,"audioPlay":false,"sceneViewState":{"m_AlwaysRefresh":false,"showFog":true,"showSkybox":false,"showFlares":true,"showImageEffects":true,"showParticleSystems":true,"showVisualEffectGraphs":true,"m_FxEnabled":true},"in2DMode":false,"pivot":{"x":-0.3832349479198456,"y":-0.3598212003707886,"z":1.7544386386871338},"rotation":{"x":0.18242529034614564,"y":-0.2928943932056427,"z":0.05702681466937065,"w":0.9368663430213928},"size":1.774667739868164,"orthographic":false}