{"cameraMode":{"drawMode":0,"name":"Shaded","section":"Shading Mode"},"sceneLighting":false,"audioPlay":false,"sceneViewState":{"m_AlwaysRefresh":false,"showFog":true,"showSkybox":false,"showFlares":true,"showImageEffects":true,"showParticleSystems":true,"showVisualEffectGraphs":true,"m_FxEnabled":true},"in2DMode":false,"pivot":{"x":-0.04013681411743164,"y":-0.356719970703125,"z":-0.3049774169921875},"rotation":{"x":-0.34761446714401247,"y":-0.061258263885974887,"z":0.022786680608987809,"w":-0.9353877305984497},"size":36.37306594848633,"orthographic":false}